click_quality_value,search_quality_success_value,ai_trigger,ai_success,zero_result,latency_ms,data_completeness,data_freshness_min,tenant_tier,ai_enablement,connector_type,industry_vertical,query_type,period,metric_ts,scenario_id
0.275786,0.275786,0.000000,0.000000,0,270,0.987062,15,standard,ai_off,confluence,tech,navigational,baseline,2026-03-14T08:00:00Z,mix_shift
0.233479,0.233479,0.347121,0.662346,0,122,0.994391,17,standard,ai_on,confluence,tech,informational,baseline,2026-03-14T08:01:00Z,mix_shift
0.280577,0.280577,0.000000,0.000000,0,257,0.985267,12,standard,ai_off,confluence,retail,informational,baseline,2026-03-14T08:02:00Z,mix_shift
0.284017,0.284017,0.000000,0.000000,0,302,0.987026,4,standard,ai_off,gdrive,tech,informational,baseline,2026-03-14T08:03:00Z,mix_shift
0.292331,0.292331,0.000000,0.000000,0,179,0.977057,18,premium,ai_off,confluence,tech,informational,baseline,2026-03-14T08:04:00Z,mix_shift
0.254330,0.254330,0.351218,0.641491,0,146,0.983891,5,enterprise,ai_on,confluence,retail,navigational,baseline,2026-03-14T08:05:00Z,mix_shift
0.265455,0.265455,0.000000,0.000000,0,217,0.983035,8,standard,ai_off,gdrive,retail,action,baseline,2026-03-14T08:06:00Z,mix_shift
0.290350,0.290350,0.000000,0.000000,0,136,0.985407,15,premium,ai_off,gdrive,finance,navigational,baseline,2026-03-14T08:07:00Z,mix_shift
0.302276,0.302276,0.000000,0.000000,0,226,0.985324,15,enterprise,ai_off,slack,retail,navigational,baseline,2026-03-14T08:08:00Z,mix_shift
0.279982,0.279982,0.000000,0.000000,0,110,0.986732,14,standard,ai_off,confluence,finance,action,baseline,2026-03-14T08:09:00Z,mix_shift
0.277530,0.277530,0.000000,0.000000,0,119,0.987706,12,standard,ai_off,confluence,finance,action,baseline,2026-03-14T08:10:00Z,mix_shift
0.254000,0.254000,0.341006,0.651780,0,250,0.983215,17,premium,ai_on,jira,retail,informational,baseline,2026-03-14T08:11:00Z,mix_shift
0.235285,0.235285,0.346570,0.652612,0,216,0.989909,8,standard,ai_on,confluence,retail,navigational,baseline,2026-03-14T08:12:00Z,mix_shift
0.260427,0.260427,0.344785,0.662375,0,175,0.980260,14,enterprise,ai_on,gdrive,finance,navigational,baseline,2026-03-14T08:13:00Z,mix_shift
0.277667,0.277667,0.000000,0.000000,0,259,0.994047,16,standard,ai_off,slack,healthcare,informational,baseline,2026-03-14T08:14:00Z,mix_shift
0.299962,0.299962,0.000000,0.000000,0,225,0.979088,17,premium,ai_off,slack,tech,navigational,baseline,2026-03-14T08:15:00Z,mix_shift
0.299470,0.299470,0.000000,0.000000,0,126,0.987879,12,enterprise,ai_off,confluence,retail,informational,baseline,2026-03-14T08:16:00Z,mix_shift
0.262020,0.262020,0.352173,0.649161,0,225,0.985916,23,enterprise,ai_on,confluence,finance,informational,baseline,2026-03-14T08:17:00Z,mix_shift
0.270127,0.270127,0.000000,0.000000,0,186,0.987182,10,standard,ai_off,jira,finance,action,baseline,2026-03-14T08:18:00Z,mix_shift
0.278598,0.278598,0.000000,0.000000,0,172,0.978123,16,standard,ai_off,slack,finance,navigational,baseline,2026-03-14T08:19:00Z,mix_shift
0.291601,0.291601,0.000000,0.000000,0,141,0.991549,17,premium,ai_off,confluence,finance,action,baseline,2026-03-14T08:20:00Z,mix_shift
0.254434,0.254434,0.345366,0.641994,0,278,0.984390,4,premium,ai_on,slack,healthcare,navigational,baseline,2026-03-14T08:21:00Z,mix_shift
0.258073,0.258073,0.352395,0.633359,0,154,0.982204,10,enterprise,ai_on,gdrive,retail,informational,baseline,2026-03-14T08:22:00Z,mix_shift
0.290857,0.290857,0.000000,0.000000,0,170,0.983054,17,premium,ai_off,gdrive,healthcare,informational,baseline,2026-03-14T08:23:00Z,mix_shift
0.251536,0.251536,0.353088,0.642125,1,224,0.983643,14,premium,ai_on,sharepoint,tech,navigational,baseline,2026-03-14T08:24:00Z,mix_shift
0.280166,0.280166,0.000000,0.000000,0,188,0.986828,10,standard,ai_off,slack,retail,action,baseline,2026-03-14T08:25:00Z,mix_shift
0.301219,0.301219,0.000000,0.000000,0,255,0.987708,13,enterprise,ai_off,jira,finance,navigational,baseline,2026-03-14T08:26:00Z,mix_shift
0.294094,0.294094,0.000000,0.000000,0,187,0.985237,8,premium,ai_off,slack,healthcare,informational,baseline,2026-03-14T08:27:00Z,mix_shift
0.280598,0.280598,0.000000,0.000000,0,205,0.994209,14,standard,ai_off,confluence,finance,informational,baseline,2026-03-14T08:28:00Z,mix_shift
0.279580,0.279580,0.000000,0.000000,0,169,0.983221,20,standard,ai_off,slack,tech,informational,baseline,2026-03-14T08:29:00Z,mix_shift
0.294325,0.294325,0.000000,0.000000,0,181,0.975102,16,premium,ai_off,gdrive,retail,informational,baseline,2026-03-14T08:30:00Z,mix_shift
0.248287,0.248287,0.346218,0.639724,0,208,0.987253,18,premium,ai_on,gdrive,retail,informational,baseline,2026-03-14T08:31:00Z,mix_shift
0.291685,0.291685,0.000000,0.000000,0,154,0.975720,13,premium,ai_off,gdrive,healthcare,informational,baseline,2026-03-14T08:32:00Z,mix_shift
0.274940,0.274940,0.000000,0.000000,0,254,0.987371,12,standard,ai_off,gdrive,retail,navigational,baseline,2026-03-14T08:33:00Z,mix_shift
0.243182,0.243182,0.354666,0.659505,0,271,0.989110,20,premium,ai_on,gdrive,healthcare,navigational,baseline,2026-03-14T08:34:00Z,mix_shift
0.234589,0.245571,0.364777,0.673208,0,135,0.976892,13,standard,ai_on,gdrive,retail,navigational,baseline,2026-03-14T08:35:00Z,mix_shift
0.237878,0.237878,0.342071,0.648985,0,143,0.985193,12,standard,ai_on,slack,retail,informational,baseline,2026-03-14T08:36:00Z,mix_shift
0.281057,0.281057,0.000000,0.000000,0,241,0.992619,15,standard,ai_off,jira,healthcare,navigational,baseline,2026-03-14T08:37:00Z,mix_shift
0.256825,0.256825,0.359443,0.636712,0,231,0.990189,8,premium,ai_on,confluence,healthcare,informational,baseline,2026-03-14T08:38:00Z,mix_shift
0.280168,0.280168,0.000000,0.000000,0,194,0.986359,20,standard,ai_off,jira,finance,navigational,baseline,2026-03-14T08:39:00Z,mix_shift
0.311640,0.311640,0.000000,0.000000,0,220,0.986166,11,enterprise,ai_off,slack,tech,informational,baseline,2026-03-14T08:40:00Z,mix_shift
0.305910,0.305910,0.000000,0.000000,0,170,0.985743,11,enterprise,ai_off,confluence,tech,action,baseline,2026-03-14T08:41:00Z,mix_shift
0.301642,0.301642,0.000000,0.000000,1,258,0.985790,17,premium,ai_off,gdrive,finance,navigational,baseline,2026-03-14T08:42:00Z,mix_shift
0.304259,0.304259,0.000000,0.000000,0,268,0.990353,17,enterprise,ai_off,confluence,tech,action,baseline,2026-03-14T08:43:00Z,mix_shift
0.298814,0.298814,0.000000,0.000000,0,213,0.987778,11,premium,ai_off,slack,retail,navigational,baseline,2026-03-14T08:44:00Z,mix_shift
0.230442,0.234237,0.360485,0.649782,0,140,0.985238,18,standard,ai_on,confluence,healthcare,action,baseline,2026-03-14T08:45:00Z,mix_shift
0.248213,0.248213,0.349733,0.648709,0,228,0.983390,15,premium,ai_on,sharepoint,retail,informational,baseline,2026-03-14T08:46:00Z,mix_shift
0.301929,0.301929,0.000000,0.000000,0,215,0.984020,16,enterprise,ai_off,gdrive,tech,informational,baseline,2026-03-14T08:47:00Z,mix_shift
0.228897,0.231187,0.361815,0.638964,0,180,0.980662,7,standard,ai_on,confluence,tech,informational,baseline,2026-03-14T08:48:00Z,mix_shift
0.276559,0.276559,0.000000,0.000000,0,169,0.987151,18,standard,ai_off,sharepoint,tech,navigational,baseline,2026-03-14T08:49:00Z,mix_shift
0.306799,0.306799,0.000000,0.000000,0,237,0.984445,16,enterprise,ai_off,slack,retail,action,baseline,2026-03-14T08:50:00Z,mix_shift
0.281993,0.281993,0.000000,0.000000,0,199,0.990967,18,standard,ai_off,gdrive,retail,informational,baseline,2026-03-14T08:51:00Z,mix_shift
0.254143,0.254143,0.348884,0.645075,1,123,0.984270,13,enterprise,ai_on,confluence,tech,action,baseline,2026-03-14T08:52:00Z,mix_shift
0.234253,0.234253,0.344399,0.663183,0,241,0.984425,12,standard,ai_on,confluence,tech,informational,baseline,2026-03-14T08:53:00Z,mix_shift
0.252972,0.252972,0.355152,0.668669,0,223,0.988043,10,premium,ai_on,confluence,tech,informational,baseline,2026-03-14T08:54:00Z,mix_shift
0.230895,0.233270,0.353823,0.659286,0,249,0.996974,15,standard,ai_on,slack,finance,action,baseline,2026-03-14T08:55:00Z,mix_shift
0.312851,0.312851,0.000000,0.000000,0,175,0.986525,17,enterprise,ai_off,gdrive,finance,informational,baseline,2026-03-14T08:56:00Z,mix_shift
0.235512,0.239023,0.355935,0.671537,0,234,0.985508,16,standard,ai_on,jira,finance,informational,baseline,2026-03-14T08:57:00Z,mix_shift
0.307866,0.307866,0.000000,0.000000,0,241,0.979854,19,enterprise,ai_off,confluence,finance,action,baseline,2026-03-14T08:58:00Z,mix_shift
0.279138,0.279138,0.000000,0.000000,0,171,0.979610,14,standard,ai_off,confluence,finance,navigational,baseline,2026-03-14T08:59:00Z,mix_shift
0.233415,0.233415,0.350527,0.657930,0,229,0.986482,20,standard,ai_on,gdrive,retail,action,baseline,2026-03-14T09:00:00Z,mix_shift
0.272949,0.272949,0.000000,0.000000,0,205,0.985205,12,standard,ai_off,gdrive,tech,informational,baseline,2026-03-14T09:01:00Z,mix_shift
0.244436,0.244436,0.359349,0.653580,0,153,0.984831,12,premium,ai_on,confluence,tech,navigational,baseline,2026-03-14T09:02:00Z,mix_shift
0.256765,0.256765,0.353165,0.636324,0,178,0.988605,7,enterprise,ai_on,gdrive,finance,navigational,baseline,2026-03-14T09:03:00Z,mix_shift
0.233687,0.233687,0.354622,0.646243,0,248,0.982144,13,standard,ai_on,slack,tech,navigational,baseline,2026-03-14T09:04:00Z,mix_shift
0.251272,0.251272,0.341802,0.655105,0,181,0.988308,18,premium,ai_on,gdrive,healthcare,action,baseline,2026-03-14T09:05:00Z,mix_shift
0.304490,0.304490,0.000000,0.000000,0,180,0.985932,15,enterprise,ai_off,gdrive,tech,informational,baseline,2026-03-14T09:06:00Z,mix_shift
0.248139,0.248139,0.353697,0.639319,0,188,0.989854,21,premium,ai_on,jira,retail,informational,baseline,2026-03-14T09:07:00Z,mix_shift
0.274436,0.274436,0.000000,0.000000,0,240,0.985108,22,standard,ai_off,jira,healthcare,informational,baseline,2026-03-14T09:08:00Z,mix_shift
0.293357,0.293357,0.000000,0.000000,0,199,0.977305,16,premium,ai_off,confluence,healthcare,informational,baseline,2026-03-14T09:09:00Z,mix_shift
0.279482,0.279482,0.000000,0.000000,0,100,0.985759,16,standard,ai_off,jira,tech,navigational,baseline,2026-03-14T09:10:00Z,mix_shift
0.247069,0.247069,0.348092,0.647427,0,253,0.985352,18,premium,ai_on,jira,retail,informational,baseline,2026-03-14T09:11:00Z,mix_shift
0.275655,0.275655,0.000000,0.000000,0,203,0.988633,4,standard,ai_off,slack,finance,informational,baseline,2026-03-14T09:12:00Z,mix_shift
0.261198,0.261198,0.351049,0.649768,0,214,0.982586,17,enterprise,ai_on,confluence,finance,informational,baseline,2026-03-14T09:13:00Z,mix_shift
0.295696,0.295696,0.000000,0.000000,0,183,0.987868,11,premium,ai_off,jira,tech,informational,baseline,2026-03-14T09:14:00Z,mix_shift
0.303240,0.303240,0.000000,0.000000,0,192,0.988199,16,enterprise,ai_off,jira,retail,informational,baseline,2026-03-14T09:15:00Z,mix_shift
0.297123,0.297123,0.000000,0.000000,1,141,0.992417,19,enterprise,ai_off,slack,healthcare,action,baseline,2026-03-14T09:16:00Z,mix_shift
0.300712,0.300712,0.000000,0.000000,0,168,0.975740,16,enterprise,ai_off,sharepoint,finance,informational,baseline,2026-03-14T09:17:00Z,mix_shift
0.251780,0.251780,0.349469,0.653385,0,119,0.984308,9,enterprise,ai_on,sharepoint,retail,navigational,baseline,2026-03-14T09:18:00Z,mix_shift
0.253956,0.253956,0.350049,0.653775,1,254,0.988165,16,premium,ai_on,gdrive,healthcare,informational,baseline,2026-03-14T09:19:00Z,mix_shift
0.261682,0.261682,0.348457,0.658966,0,218,0.986831,27,enterprise,ai_on,gdrive,finance,action,baseline,2026-03-14T09:20:00Z,mix_shift
0.277603,0.277603,0.000000,0.000000,0,305,0.985723,9,standard,ai_off,gdrive,tech,action,baseline,2026-03-14T09:21:00Z,mix_shift
0.256877,0.256877,0.342757,0.647407,0,175,0.992156,18,enterprise,ai_on,slack,retail,navigational,baseline,2026-03-14T09:22:00Z,mix_shift
0.234561,0.234561,0.346765,0.654057,0,226,0.986448,11,standard,ai_on,gdrive,finance,navigational,baseline,2026-03-14T09:23:00Z,mix_shift
0.306702,0.306702,0.000000,0.000000,0,200,0.980823,11,enterprise,ai_off,gdrive,tech,informational,baseline,2026-03-14T09:24:00Z,mix_shift
0.277006,0.277006,0.000000,0.000000,1,167,0.976959,14,standard,ai_off,confluence,tech,navigational,baseline,2026-03-14T09:25:00Z,mix_shift
0.226432,0.230793,0.352032,0.655603,0,188,0.981283,16,standard,ai_on,jira,finance,informational,baseline,2026-03-14T09:26:00Z,mix_shift
0.271811,0.271811,0.000000,0.000000,0,248,0.984283,24,standard,ai_off,jira,tech,navigational,baseline,2026-03-14T09:27:00Z,mix_shift
0.233709,0.233709,0.346912,0.651857,0,264,0.987995,15,standard,ai_on,jira,finance,informational,baseline,2026-03-14T09:28:00Z,mix_shift
0.237672,0.237672,0.345901,0.639211,0,50,0.977624,14,standard,ai_on,confluence,tech,navigational,baseline,2026-03-14T09:29:00Z,mix_shift
0.280697,0.280697,0.000000,0.000000,0,217,0.982189,15,standard,ai_off,gdrive,finance,informational,baseline,2026-03-14T09:30:00Z,mix_shift
0.296129,0.296129,0.000000,0.000000,0,183,0.984124,13,premium,ai_off,gdrive,retail,navigational,baseline,2026-03-14T09:31:00Z,mix_shift
0.309860,0.309860,0.000000,0.000000,0,177,0.983186,12,enterprise,ai_off,jira,healthcare,navigational,baseline,2026-03-14T09:32:00Z,mix_shift
0.301753,0.301753,0.000000,0.000000,0,282,0.978821,10,enterprise,ai_off,jira,tech,action,baseline,2026-03-14T09:33:00Z,mix_shift
0.298959,0.298959,0.000000,0.000000,0,263,0.984025,18,premium,ai_off,confluence,tech,informational,baseline,2026-03-14T09:34:00Z,mix_shift
0.281869,0.281869,0.000000,0.000000,0,231,0.975291,18,standard,ai_off,jira,finance,action,baseline,2026-03-14T09:35:00Z,mix_shift
0.299394,0.299394,0.000000,0.000000,0,221,0.983236,15,enterprise,ai_off,jira,tech,informational,baseline,2026-03-14T09:36:00Z,mix_shift
0.253889,0.253889,0.348564,0.662954,0,155,0.982359,14,enterprise,ai_on,gdrive,tech,informational,baseline,2026-03-14T09:37:00Z,mix_shift
0.279183,0.279183,0.000000,0.000000,0,126,0.981877,22,standard,ai_off,gdrive,tech,informational,baseline,2026-03-14T09:38:00Z,mix_shift
0.237366,0.241626,0.369553,0.653832,0,168,0.986852,20,standard,ai_on,gdrive,tech,action,baseline,2026-03-14T09:39:00Z,mix_shift
0.297094,0.297094,0.000000,0.000000,0,138,0.989804,10,premium,ai_off,slack,tech,informational,baseline,2026-03-14T09:40:00Z,mix_shift
0.301882,0.301882,0.000000,0.000000,0,133,0.990235,22,premium,ai_off,gdrive,retail,informational,baseline,2026-03-14T09:41:00Z,mix_shift
0.275022,0.275022,0.000000,0.000000,0,219,0.986043,1,standard,ai_off,sharepoint,finance,navigational,baseline,2026-03-14T09:42:00Z,mix_shift
0.293197,0.293197,0.000000,0.000000,0,308,0.987086,8,premium,ai_off,slack,retail,navigational,baseline,2026-03-14T09:43:00Z,mix_shift
0.288900,0.288900,0.000000,0.000000,0,164,0.986953,15,premium,ai_off,jira,finance,informational,baseline,2026-03-14T09:44:00Z,mix_shift
0.271134,0.271134,0.000000,0.000000,0,186,0.981057,17,standard,ai_off,sharepoint,finance,navigational,baseline,2026-03-14T09:45:00Z,mix_shift
0.249867,0.249867,0.358284,0.638644,0,135,0.981506,14,premium,ai_on,jira,tech,navigational,baseline,2026-03-14T09:46:00Z,mix_shift
0.260653,0.260653,0.353578,0.650396,0,235,0.976978,10,enterprise,ai_on,jira,retail,informational,baseline,2026-03-14T09:47:00Z,mix_shift
0.283748,0.283748,0.000000,0.000000,0,258,0.981841,20,standard,ai_off,sharepoint,tech,navigational,baseline,2026-03-14T09:48:00Z,mix_shift
0.304194,0.304194,0.000000,0.000000,0,275,0.991720,10,enterprise,ai_off,gdrive,healthcare,informational,baseline,2026-03-14T09:49:00Z,mix_shift
0.283854,0.283854,0.000000,0.000000,0,154,0.984319,11,standard,ai_off,confluence,tech,navigational,baseline,2026-03-14T09:50:00Z,mix_shift
0.230592,0.237283,0.354103,0.670095,0,192,0.981686,10,standard,ai_on,jira,finance,navigational,baseline,2026-03-14T09:51:00Z,mix_shift
0.259866,0.259866,0.345196,0.649735,0,230,0.988006,8,enterprise,ai_on,confluence,finance,navigational,baseline,2026-03-14T09:52:00Z,mix_shift
0.306065,0.306065,0.000000,0.000000,0,337,0.990070,22,enterprise,ai_off,jira,finance,navigational,baseline,2026-03-14T09:53:00Z,mix_shift
0.236337,0.236337,0.350953,0.654583,0,199,0.991533,16,standard,ai_on,confluence,finance,navigational,baseline,2026-03-14T09:54:00Z,mix_shift
0.229380,0.229380,0.350468,0.648054,0,125,0.989722,15,standard,ai_on,confluence,healthcare,navigational,baseline,2026-03-14T09:55:00Z,mix_shift
0.299653,0.299653,0.000000,0.000000,0,124,0.981084,7,premium,ai_off,slack,finance,informational,baseline,2026-03-14T09:56:00Z,mix_shift
0.277447,0.277447,0.000000,0.000000,0,136,0.975104,18,standard,ai_off,confluence,retail,informational,baseline,2026-03-14T09:57:00Z,mix_shift
0.303915,0.303915,0.000000,0.000000,0,184,0.982564,12,enterprise,ai_off,jira,tech,navigational,baseline,2026-03-14T09:58:00Z,mix_shift
0.296390,0.296390,0.000000,0.000000,0,267,0.979579,20,premium,ai_off,confluence,finance,navigational,baseline,2026-03-14T09:59:00Z,mix_shift
0.279150,0.279150,0.000000,0.000000,0,108,0.983255,19,standard,ai_off,gdrive,healthcare,informational,baseline,2026-03-14T10:00:00Z,mix_shift
0.229652,0.229652,0.348284,0.649613,0,201,0.980008,6,standard,ai_on,slack,tech,informational,baseline,2026-03-14T10:01:00Z,mix_shift
0.306051,0.306051,0.000000,0.000000,0,123,0.979793,24,enterprise,ai_off,confluence,retail,action,baseline,2026-03-14T10:02:00Z,mix_shift
0.232429,0.232429,0.341464,0.652471,0,235,0.987524,8,standard,ai_on,confluence,finance,action,baseline,2026-03-14T10:03:00Z,mix_shift
0.263688,0.263688,0.354352,0.642590,0,210,0.975067,10,enterprise,ai_on,confluence,retail,action,baseline,2026-03-14T10:04:00Z,mix_shift
0.254741,0.254741,0.350360,0.645124,0,193,0.982438,11,premium,ai_on,gdrive,retail,action,baseline,2026-03-14T10:05:00Z,mix_shift
0.264647,0.264647,0.000000,0.000000,0,142,0.979858,22,standard,ai_off,jira,healthcare,navigational,baseline,2026-03-14T10:06:00Z,mix_shift
0.228568,0.228568,0.340296,0.644314,0,155,0.981714,13,standard,ai_on,confluence,healthcare,navigational,baseline,2026-03-14T10:07:00Z,mix_shift
0.230022,0.235572,0.354937,0.663701,0,179,0.984640,21,standard,ai_on,jira,retail,navigational,baseline,2026-03-14T10:08:00Z,mix_shift
0.270151,0.270151,0.000000,0.000000,0,291,0.982416,14,standard,ai_off,confluence,healthcare,navigational,baseline,2026-03-14T10:09:00Z,mix_shift
0.259849,0.259849,0.342729,0.643346,1,190,0.972870,17,enterprise,ai_on,jira,finance,navigational,baseline,2026-03-14T10:10:00Z,mix_shift
0.302722,0.302722,0.000000,0.000000,0,231,0.982829,7,enterprise,ai_off,slack,tech,action,baseline,2026-03-14T10:11:00Z,mix_shift
0.239791,0.239791,0.360986,0.644478,0,193,0.983938,16,standard,ai_on,confluence,retail,informational,baseline,2026-03-14T10:12:00Z,mix_shift
0.278564,0.278564,0.000000,0.000000,0,195,0.985931,8,standard,ai_off,slack,tech,informational,baseline,2026-03-14T10:13:00Z,mix_shift
0.261036,0.261036,0.356988,0.665577,0,209,0.986590,21,enterprise,ai_on,confluence,finance,navigational,baseline,2026-03-14T10:14:00Z,mix_shift
0.293773,0.293773,0.000000,0.000000,0,158,0.982687,24,premium,ai_off,gdrive,tech,action,baseline,2026-03-14T10:15:00Z,mix_shift
0.260156,0.260156,0.348912,0.654679,0,217,0.986608,11,enterprise,ai_on,slack,finance,navigational,baseline,2026-03-14T10:16:00Z,mix_shift
0.235232,0.235232,0.350830,0.651897,0,229,0.984489,7,standard,ai_on,confluence,healthcare,action,baseline,2026-03-14T10:17:00Z,mix_shift
0.234133,0.234133,0.353167,0.654311,0,123,0.984001,15,standard,ai_on,confluence,finance,navigational,baseline,2026-03-14T10:18:00Z,mix_shift
0.304752,0.304752,0.000000,0.000000,0,245,0.987097,19,enterprise,ai_off,gdrive,tech,informational,baseline,2026-03-14T10:19:00Z,mix_shift
0.234209,0.234846,0.351363,0.668387,0,202,0.988916,13,standard,ai_on,slack,finance,navigational,baseline,2026-03-14T10:20:00Z,mix_shift
0.228646,0.228646,0.338518,0.638831,0,212,0.990634,26,standard,ai_on,gdrive,finance,navigational,baseline,2026-03-14T10:21:00Z,mix_shift
0.230981,0.230981,0.343946,0.646922,0,148,0.992053,16,standard,ai_on,confluence,tech,navigational,baseline,2026-03-14T10:22:00Z,mix_shift
0.264324,0.264324,0.000000,0.000000,0,207,0.987412,14,standard,ai_off,confluence,tech,navigational,baseline,2026-03-14T10:23:00Z,mix_shift
0.271717,0.271717,0.000000,0.000000,0,147,0.988619,7,standard,ai_off,slack,tech,action,baseline,2026-03-14T10:24:00Z,mix_shift
0.275677,0.275677,0.000000,0.000000,0,232,0.981244,26,standard,ai_off,gdrive,tech,action,baseline,2026-03-14T10:25:00Z,mix_shift
0.302229,0.302229,0.000000,0.000000,0,235,0.983483,13,enterprise,ai_off,gdrive,finance,informational,baseline,2026-03-14T10:26:00Z,mix_shift
0.280085,0.280085,0.000000,0.000000,0,207,0.982904,22,standard,ai_off,confluence,healthcare,informational,baseline,2026-03-14T10:27:00Z,mix_shift
0.313064,0.313064,0.000000,0.000000,0,168,0.983522,8,enterprise,ai_off,confluence,healthcare,informational,baseline,2026-03-14T10:28:00Z,mix_shift
0.296164,0.296164,0.000000,0.000000,0,257,0.981492,21,enterprise,ai_off,slack,retail,informational,baseline,2026-03-14T10:29:00Z,mix_shift
0.297769,0.297769,0.000000,0.000000,0,182,0.985224,10,premium,ai_off,jira,tech,navigational,current,2026-03-21T08:00:00Z,mix_shift
0.248256,0.248256,0.341904,0.643400,0,181,0.985313,23,premium,ai_on,sharepoint,retail,navigational,current,2026-03-21T08:01:00Z,mix_shift
0.224683,0.232671,0.354683,0.655997,0,184,0.998757,9,standard,ai_on,slack,finance,navigational,current,2026-03-21T08:02:00Z,mix_shift
0.299455,0.299455,0.000000,0.000000,0,159,0.984018,10,enterprise,ai_off,confluence,finance,action,current,2026-03-21T08:03:00Z,mix_shift
0.237452,0.237452,0.348316,0.655124,0,113,0.984170,12,standard,ai_on,sharepoint,retail,informational,current,2026-03-21T08:04:00Z,mix_shift
0.277864,0.277864,0.000000,0.000000,0,173,0.994977,11,standard,ai_off,slack,tech,action,current,2026-03-21T08:05:00Z,mix_shift
0.269086,0.269086,0.000000,0.000000,0,204,0.977640,20,standard,ai_off,confluence,healthcare,informational,current,2026-03-21T08:06:00Z,mix_shift
0.292786,0.292786,0.000000,0.000000,0,215,0.981235,14,enterprise,ai_off,confluence,tech,navigational,current,2026-03-21T08:07:00Z,mix_shift
0.251390,0.251390,0.354805,0.644905,0,153,0.977665,15,premium,ai_on,slack,retail,informational,current,2026-03-21T08:08:00Z,mix_shift
0.231978,0.231978,0.350300,0.647601,0,232,0.992771,10,standard,ai_on,confluence,finance,navigational,current,2026-03-21T08:09:00Z,mix_shift
0.236079,0.236079,0.365368,0.637476,0,121,0.977959,23,standard,ai_on,jira,tech,navigational,current,2026-03-21T08:10:00Z,mix_shift
0.294958,0.294958,0.000000,0.000000,0,256,0.986479,12,premium,ai_off,confluence,finance,navigational,current,2026-03-21T08:11:00Z,mix_shift
0.230455,0.230832,0.351549,0.656614,0,206,0.975337,19,standard,ai_on,jira,finance,informational,current,2026-03-21T08:12:00Z,mix_shift
0.231350,0.234418,0.355083,0.660179,0,198,0.979789,14,standard,ai_on,slack,tech,informational,current,2026-03-21T08:13:00Z,mix_shift
0.276600,0.276600,0.000000,0.000000,0,179,0.989103,19,standard,ai_off,sharepoint,finance,informational,current,2026-03-21T08:14:00Z,mix_shift
0.275296,0.275296,0.000000,0.000000,0,313,0.987210,18,standard,ai_off,confluence,healthcare,navigational,current,2026-03-21T08:15:00Z,mix_shift
0.277872,0.277872,0.000000,0.000000,0,245,0.985857,10,standard,ai_off,gdrive,tech,informational,current,2026-03-21T08:16:00Z,mix_shift
0.278636,0.278636,0.000000,0.000000,0,164,0.989401,7,standard,ai_off,jira,healthcare,action,current,2026-03-21T08:17:00Z,mix_shift
0.234285,0.234285,0.342252,0.661846,0,195,0.981053,19,standard,ai_on,confluence,finance,navigational,current,2026-03-21T08:18:00Z,mix_shift
0.230866,0.230866,0.350663,0.635041,0,252,0.983641,18,standard,ai_on,jira,finance,navigational,current,2026-03-21T08:19:00Z,mix_shift
0.257299,0.257299,0.350323,0.642313,0,179,0.986196,16,enterprise,ai_on,sharepoint,healthcare,action,current,2026-03-21T08:20:00Z,mix_shift
0.300820,0.300820,0.000000,0.000000,0,237,0.982945,8,enterprise,ai_off,sharepoint,finance,informational,current,2026-03-21T08:21:00Z,mix_shift
0.278058,0.278058,0.000000,0.000000,0,172,0.987310,15,standard,ai_off,jira,tech,action,current,2026-03-21T08:22:00Z,mix_shift
0.235184,0.235184,0.340707,0.646592,0,155,0.984666,14,standard,ai_on,confluence,tech,informational,current,2026-03-21T08:23:00Z,mix_shift
0.268127,0.268127,0.000000,0.000000,0,174,0.985315,10,standard,ai_off,confluence,tech,informational,current,2026-03-21T08:24:00Z,mix_shift
0.228946,0.228946,0.340490,0.635638,0,196,0.995574,30,standard,ai_on,jira,retail,navigational,current,2026-03-21T08:25:00Z,mix_shift
0.272581,0.272581,0.000000,0.000000,0,156,0.978502,21,standard,ai_off,jira,finance,informational,current,2026-03-21T08:26:00Z,mix_shift
0.299040,0.299040,0.000000,0.000000,0,204,0.977666,9,enterprise,ai_off,confluence,healthcare,navigational,current,2026-03-21T08:27:00Z,mix_shift
0.275903,0.275903,0.000000,0.000000,0,213,0.986957,13,standard,ai_off,confluence,finance,action,current,2026-03-21T08:28:00Z,mix_shift
0.273801,0.273801,0.000000,0.000000,0,172,0.984745,17,standard,ai_off,slack,tech,informational,current,2026-03-21T08:29:00Z,mix_shift
0.239081,0.239081,0.353032,0.634567,0,143,0.985066,12,standard,ai_on,confluence,healthcare,informational,current,2026-03-21T08:30:00Z,mix_shift
0.282564,0.282564,0.000000,0.000000,0,283,0.986762,21,standard,ai_off,confluence,retail,navigational,current,2026-03-21T08:31:00Z,mix_shift
0.280066,0.280066,0.000000,0.000000,0,188,0.979509,22,standard,ai_off,gdrive,retail,action,current,2026-03-21T08:32:00Z,mix_shift
0.233851,0.233851,0.342854,0.645181,0,325,0.970604,15,standard,ai_on,gdrive,tech,navigational,current,2026-03-21T08:33:00Z,mix_shift
0.279700,0.279700,0.000000,0.000000,0,148,0.988716,0,standard,ai_off,confluence,retail,navigational,current,2026-03-21T08:34:00Z,mix_shift
0.231717,0.231717,0.342938,0.651094,0,252,0.978723,18,standard,ai_on,confluence,finance,informational,current,2026-03-21T08:35:00Z,mix_shift
0.277624,0.277624,0.000000,0.000000,0,244,0.981188,20,standard,ai_off,jira,healthcare,navigational,current,2026-03-21T08:36:00Z,mix_shift
0.251248,0.251248,0.350532,0.648228,0,261,0.980367,21,premium,ai_on,slack,retail,navigational,current,2026-03-21T08:37:00Z,mix_shift
0.228703,0.233131,0.352806,0.660790,0,275,0.981564,14,standard,ai_on,sharepoint,healthcare,action,current,2026-03-21T08:38:00Z,mix_shift
0.237936,0.237936,0.352464,0.654290,0,130,0.980931,15,standard,ai_on,slack,tech,informational,current,2026-03-21T08:39:00Z,mix_shift
0.280415,0.280415,0.000000,0.000000,0,186,0.986612,16,standard,ai_off,slack,retail,navigational,current,2026-03-21T08:40:00Z,mix_shift
0.304398,0.304398,0.000000,0.000000,0,223,0.985238,12,enterprise,ai_off,slack,finance,navigational,current,2026-03-21T08:41:00Z,mix_shift
0.281086,0.281086,0.000000,0.000000,0,99,0.982631,16,standard,ai_off,slack,retail,navigational,current,2026-03-21T08:42:00Z,mix_shift
0.277503,0.277503,0.000000,0.000000,0,264,0.985248,8,standard,ai_off,gdrive,finance,navigational,current,2026-03-21T08:43:00Z,mix_shift
0.308688,0.308688,0.000000,0.000000,0,177,0.975304,18,enterprise,ai_off,sharepoint,finance,informational,current,2026-03-21T08:44:00Z,mix_shift
0.290388,0.290388,0.000000,0.000000,0,211,0.986665,14,premium,ai_off,gdrive,tech,informational,current,2026-03-21T08:45:00Z,mix_shift
0.281391,0.281391,0.000000,0.000000,0,158,0.982249,7,standard,ai_off,gdrive,retail,informational,current,2026-03-21T08:46:00Z,mix_shift
0.228842,0.228842,0.344692,0.648371,0,252,0.982647,25,standard,ai_on,slack,finance,informational,current,2026-03-21T08:47:00Z,mix_shift
0.290087,0.290087,0.000000,0.000000,1,216,0.990897,15,premium,ai_off,confluence,healthcare,informational,current,2026-03-21T08:48:00Z,mix_shift
0.230169,0.230169,0.344287,0.641024,0,201,0.981565,2,standard,ai_on,confluence,tech,action,current,2026-03-21T08:49:00Z,mix_shift
0.294205,0.294205,0.000000,0.000000,0,153,0.981498,18,enterprise,ai_off,jira,finance,action,current,2026-03-21T08:50:00Z,mix_shift
0.272709,0.272709,0.000000,0.000000,0,175,0.973642,3,standard,ai_off,slack,healthcare,informational,current,2026-03-21T08:51:00Z,mix_shift
0.291174,0.291174,0.000000,0.000000,0,151,0.980265,14,premium,ai_off,jira,finance,informational,current,2026-03-21T08:52:00Z,mix_shift
0.233586,0.233586,0.350427,0.619930,0,233,0.988131,19,standard,ai_on,sharepoint,tech,action,current,2026-03-21T08:53:00Z,mix_shift
0.252935,0.252935,0.351758,0.651459,0,231,0.976409,13,premium,ai_on,sharepoint,tech,navigational,current,2026-03-21T08:54:00Z,mix_shift
0.266740,0.266740,0.000000,0.000000,0,254,0.990054,14,standard,ai_off,gdrive,finance,informational,current,2026-03-21T08:55:00Z,mix_shift
0.233873,0.233873,0.341873,0.668008,0,129,0.980994,20,standard,ai_on,confluence,tech,navigational,current,2026-03-21T08:56:00Z,mix_shift
0.241025,0.241025,0.352266,0.643726,0,252,0.982111,13,standard,ai_on,slack,tech,informational,current,2026-03-21T08:57:00Z,mix_shift
0.282828,0.282828,0.000000,0.000000,0,111,0.989237,0,standard,ai_off,slack,tech,informational,current,2026-03-21T08:58:00Z,mix_shift
0.263497,0.263497,0.354991,0.651283,0,217,0.991243,21,enterprise,ai_on,sharepoint,finance,navigational,current,2026-03-21T08:59:00Z,mix_shift
0.281314,0.281314,0.000000,0.000000,0,253,0.986124,17,standard,ai_off,sharepoint,tech,action,current,2026-03-21T09:00:00Z,mix_shift
0.229803,0.232307,0.352396,0.659220,0,181,0.982838,11,standard,ai_on,confluence,tech,navigational,current,2026-03-21T09:01:00Z,mix_shift
0.274136,0.274136,0.000000,0.000000,0,167,0.981600,13,standard,ai_off,confluence,retail,informational,current,2026-03-21T09:02:00Z,mix_shift
0.301557,0.301557,0.000000,0.000000,0,152,0.982710,16,enterprise,ai_off,confluence,healthcare,informational,current,2026-03-21T09:03:00Z,mix_shift
0.236247,0.236247,0.346243,0.658062,0,195,0.991436,21,standard,ai_on,gdrive,tech,navigational,current,2026-03-21T09:04:00Z,mix_shift
0.248100,0.248100,0.352244,0.658528,0,178,0.981277,12,premium,ai_on,gdrive,tech,informational,current,2026-03-21T09:05:00Z,mix_shift
0.274903,0.274903,0.000000,0.000000,0,196,0.982468,19,standard,ai_off,confluence,finance,informational,current,2026-03-21T09:06:00Z,mix_shift
0.273964,0.273964,0.000000,0.000000,0,241,0.986352,11,standard,ai_off,sharepoint,finance,navigational,current,2026-03-21T09:07:00Z,mix_shift
0.257907,0.257907,0.354241,0.651648,0,184,0.980714,15,enterprise,ai_on,jira,retail,informational,current,2026-03-21T09:08:00Z,mix_shift
0.272555,0.272555,0.000000,0.000000,0,228,0.993202,15,standard,ai_off,gdrive,finance,action,current,2026-03-21T09:09:00Z,mix_shift
0.299003,0.299003,0.000000,0.000000,0,131,0.981231,14,enterprise,ai_off,gdrive,tech,navigational,current,2026-03-21T09:10:00Z,mix_shift
0.308116,0.308116,0.000000,0.000000,0,254,0.976636,15,enterprise,ai_off,confluence,tech,informational,current,2026-03-21T09:11:00Z,mix_shift
0.296235,0.296235,0.000000,0.000000,0,171,0.987517,18,enterprise,ai_off,confluence,tech,informational,current,2026-03-21T09:12:00Z,mix_shift
0.251645,0.251645,0.347383,0.637214,0,162,0.984588,16,premium,ai_on,slack,retail,informational,current,2026-03-21T09:13:00Z,mix_shift
0.302182,0.302182,0.000000,0.000000,0,233,0.990632,18,enterprise,ai_off,slack,finance,navigational,current,2026-03-21T09:14:00Z,mix_shift
0.296669,0.296669,0.000000,0.000000,0,196,0.991057,15,premium,ai_off,slack,tech,informational,current,2026-03-21T09:15:00Z,mix_shift
0.230620,0.236401,0.357290,0.661649,0,150,0.990624,12,standard,ai_on,gdrive,tech,informational,current,2026-03-21T09:16:00Z,mix_shift
0.230696,0.230696,0.351098,0.644874,0,165,0.978634,16,standard,ai_on,slack,retail,informational,current,2026-03-21T09:17:00Z,mix_shift
0.272646,0.272646,0.000000,0.000000,0,175,0.985624,13,standard,ai_off,confluence,retail,informational,current,2026-03-21T09:18:00Z,mix_shift
0.275955,0.275955,0.000000,0.000000,0,274,0.986371,14,standard,ai_off,gdrive,tech,navigational,current,2026-03-21T09:19:00Z,mix_shift
0.288288,0.288288,0.000000,0.000000,0,240,0.985532,15,standard,ai_off,slack,finance,action,current,2026-03-21T09:20:00Z,mix_shift
0.231732,0.234307,0.355217,0.659616,0,158,0.985432,10,standard,ai_on,slack,tech,navigational,current,2026-03-21T09:21:00Z,mix_shift
0.276178,0.276178,0.000000,0.000000,0,254,0.980212,11,standard,ai_off,gdrive,retail,informational,current,2026-03-21T09:22:00Z,mix_shift
0.300015,0.300015,0.000000,0.000000,0,262,0.990390,9,premium,ai_off,jira,tech,informational,current,2026-03-21T09:23:00Z,mix_shift
0.287125,0.287125,0.000000,0.000000,0,208,0.982344,10,premium,ai_off,sharepoint,retail,informational,current,2026-03-21T09:24:00Z,mix_shift
0.277761,0.277761,0.000000,0.000000,0,260,0.992148,16,standard,ai_off,confluence,finance,navigational,current,2026-03-21T09:25:00Z,mix_shift
0.296168,0.296168,0.000000,0.000000,0,144,0.983965,18,premium,ai_off,slack,tech,informational,current,2026-03-21T09:26:00Z,mix_shift
0.273235,0.273235,0.000000,0.000000,0,158,0.986568,23,standard,ai_off,gdrive,retail,navigational,current,2026-03-21T09:27:00Z,mix_shift
0.279861,0.279861,0.000000,0.000000,0,300,0.983858,17,standard,ai_off,gdrive,finance,informational,current,2026-03-21T09:28:00Z,mix_shift
0.271585,0.271585,0.000000,0.000000,0,205,0.986511,13,standard,ai_off,slack,finance,action,current,2026-03-21T09:29:00Z,mix_shift
0.252359,0.252359,0.350043,0.634368,0,64,0.982438,20,enterprise,ai_on,slack,retail,navigational,current,2026-03-21T09:30:00Z,mix_shift
0.277997,0.277997,0.000000,0.000000,0,222,0.983827,13,standard,ai_off,slack,retail,navigational,current,2026-03-21T09:31:00Z,mix_shift
0.286205,0.286205,0.000000,0.000000,0,113,0.992906,9,standard,ai_off,confluence,retail,informational,current,2026-03-21T09:32:00Z,mix_shift
0.281289,0.281289,0.000000,0.000000,0,193,0.988771,21,standard,ai_off,jira,tech,informational,current,2026-03-21T09:33:00Z,mix_shift
0.254586,0.254586,0.343782,0.633090,0,233,0.975241,4,premium,ai_on,confluence,tech,action,current,2026-03-21T09:34:00Z,mix_shift
0.277470,0.277470,0.000000,0.000000,0,179,0.986655,8,standard,ai_off,gdrive,retail,informational,current,2026-03-21T09:35:00Z,mix_shift
0.296569,0.296569,0.000000,0.000000,0,150,0.984761,12,enterprise,ai_off,confluence,healthcare,informational,current,2026-03-21T09:36:00Z,mix_shift
0.292159,0.292159,0.000000,0.000000,0,176,0.974016,11,premium,ai_off,gdrive,finance,informational,current,2026-03-21T09:37:00Z,mix_shift
0.282591,0.282591,0.000000,0.000000,0,180,0.978604,7,standard,ai_off,gdrive,tech,navigational,current,2026-03-21T09:38:00Z,mix_shift
0.233795,0.233795,0.353215,0.655177,0,167,0.980257,13,standard,ai_on,slack,tech,navigational,current,2026-03-21T09:39:00Z,mix_shift
0.274309,0.274309,0.000000,0.000000,0,250,0.975008,19,standard,ai_off,gdrive,tech,informational,current,2026-03-21T09:40:00Z,mix_shift
0.238019,0.238019,0.349339,0.639129,0,233,0.982050,12,standard,ai_on,confluence,retail,navigational,current,2026-03-21T09:41:00Z,mix_shift
0.233796,0.233796,0.353440,0.647844,0,217,0.988835,15,standard,ai_on,confluence,tech,navigational,current,2026-03-21T09:42:00Z,mix_shift
0.296827,0.296827,0.000000,0.000000,0,234,0.992338,17,enterprise,ai_off,confluence,tech,action,current,2026-03-21T09:43:00Z,mix_shift
0.251186,0.251186,0.350983,0.650421,0,199,0.983546,17,premium,ai_on,slack,tech,action,current,2026-03-21T09:44:00Z,mix_shift
0.276313,0.276313,0.000000,0.000000,0,265,0.987623,16,standard,ai_off,confluence,retail,navigational,current,2026-03-21T09:45:00Z,mix_shift
0.285059,0.285059,0.000000,0.000000,0,187,0.982201,22,standard,ai_off,sharepoint,healthcare,informational,current,2026-03-21T09:46:00Z,mix_shift
0.235154,0.235154,0.353333,0.630219,0,160,0.989393,20,standard,ai_on,gdrive,retail,action,current,2026-03-21T09:47:00Z,mix_shift
0.279995,0.279995,0.000000,0.000000,0,148,0.985859,12,standard,ai_off,confluence,retail,action,current,2026-03-21T09:48:00Z,mix_shift
0.253467,0.253467,0.352254,0.672467,0,224,0.984768,19,enterprise,ai_on,gdrive,tech,action,current,2026-03-21T09:49:00Z,mix_shift
0.304256,0.304256,0.000000,0.000000,0,165,0.979914,16,enterprise,ai_off,confluence,retail,navigational,current,2026-03-21T09:50:00Z,mix_shift
0.266876,0.266876,0.000000,0.000000,0,274,0.994767,8,standard,ai_off,confluence,tech,action,current,2026-03-21T09:51:00Z,mix_shift
0.229684,0.231241,0.359609,0.643035,0,239,0.982813,18,standard,ai_on,gdrive,finance,informational,current,2026-03-21T09:52:00Z,mix_shift
0.297773,0.297773,0.000000,0.000000,1,224,0.982605,20,premium,ai_off,sharepoint,retail,action,current,2026-03-21T09:53:00Z,mix_shift
0.271543,0.271543,0.000000,0.000000,0,170,0.989739,7,standard,ai_off,slack,tech,navigational,current,2026-03-21T09:54:00Z,mix_shift
0.254835,0.254835,0.358896,0.656200,0,267,0.986315,7,enterprise,ai_on,confluence,retail,navigational,current,2026-03-21T09:55:00Z,mix_shift
0.250517,0.250517,0.341778,0.655268,0,166,0.986241,17,premium,ai_on,sharepoint,retail,action,current,2026-03-21T09:56:00Z,mix_shift
0.234970,0.234970,0.350958,0.645248,0,177,0.980931,10,standard,ai_on,gdrive,tech,informational,current,2026-03-21T09:57:00Z,mix_shift
0.234339,0.234339,0.340911,0.646462,0,236,0.979269,14,standard,ai_on,sharepoint,finance,navigational,current,2026-03-21T09:58:00Z,mix_shift
0.275625,0.275625,0.000000,0.000000,0,253,0.983063,16,standard,ai_off,jira,tech,informational,current,2026-03-21T09:59:00Z,mix_shift
0.230443,0.230443,0.348089,0.658547,0,231,0.985417,7,standard,ai_on,confluence,tech,navigational,current,2026-03-21T10:00:00Z,mix_shift
0.302301,0.302301,0.000000,0.000000,0,219,0.983367,19,premium,ai_off,confluence,tech,action,current,2026-03-21T10:01:00Z,mix_shift
0.292927,0.292927,0.000000,0.000000,0,170,0.985536,25,premium,ai_off,gdrive,finance,informational,current,2026-03-21T10:02:00Z,mix_shift
0.294294,0.294294,0.000000,0.000000,0,243,0.975042,9,premium,ai_off,gdrive,healthcare,informational,current,2026-03-21T10:03:00Z,mix_shift
0.278669,0.278669,0.000000,0.000000,0,208,0.988929,25,standard,ai_off,confluence,tech,navigational,current,2026-03-21T10:04:00Z,mix_shift
0.291153,0.291153,0.000000,0.000000,0,278,0.984172,11,premium,ai_off,jira,finance,navigational,current,2026-03-21T10:05:00Z,mix_shift
0.294705,0.294705,0.000000,0.000000,0,205,0.984127,11,enterprise,ai_off,confluence,healthcare,navigational,current,2026-03-21T10:06:00Z,mix_shift
0.247110,0.247110,0.345651,0.651845,0,163,0.981737,7,premium,ai_on,confluence,finance,action,current,2026-03-21T10:07:00Z,mix_shift
0.276408,0.276408,0.000000,0.000000,0,215,0.986767,15,standard,ai_off,gdrive,finance,informational,current,2026-03-21T10:08:00Z,mix_shift
0.293267,0.293267,0.000000,0.000000,0,214,0.976471,11,premium,ai_off,sharepoint,retail,action,current,2026-03-21T10:09:00Z,mix_shift
0.279419,0.279419,0.000000,0.000000,0,251,0.991073,3,standard,ai_off,sharepoint,finance,informational,current,2026-03-21T10:10:00Z,mix_shift
0.303856,0.303856,0.000000,0.000000,0,140,0.987368,18,enterprise,ai_off,slack,retail,informational,current,2026-03-21T10:11:00Z,mix_shift
0.275890,0.275890,0.000000,0.000000,0,218,0.983200,18,standard,ai_off,confluence,tech,navigational,current,2026-03-21T10:12:00Z,mix_shift
0.298982,0.298982,0.000000,0.000000,0,167,0.977309,22,premium,ai_off,jira,tech,action,current,2026-03-21T10:13:00Z,mix_shift
0.227668,0.227668,0.352841,0.633827,0,210,0.980793,6,standard,ai_on,gdrive,finance,navigational,current,2026-03-21T10:14:00Z,mix_shift
0.280627,0.280627,0.000000,0.000000,0,141,0.988005,9,standard,ai_off,gdrive,finance,navigational,current,2026-03-21T10:15:00Z,mix_shift
0.291972,0.291972,0.000000,0.000000,1,183,0.992419,14,premium,ai_off,confluence,retail,informational,current,2026-03-21T10:16:00Z,mix_shift
0.262412,0.262412,0.353712,0.644983,0,162,0.995469,15,enterprise,ai_on,gdrive,finance,action,current,2026-03-21T10:17:00Z,mix_shift
0.280174,0.280174,0.000000,0.000000,0,237,0.984492,5,standard,ai_off,jira,retail,informational,current,2026-03-21T10:18:00Z,mix_shift
0.301241,0.301241,0.000000,0.000000,0,220,0.987906,8,premium,ai_off,gdrive,retail,informational,current,2026-03-21T10:19:00Z,mix_shift
0.274565,0.274565,0.000000,0.000000,0,268,0.972962,4,standard,ai_off,gdrive,tech,informational,current,2026-03-21T10:20:00Z,mix_shift
0.294287,0.294287,0.000000,0.000000,0,206,0.986392,13,premium,ai_off,gdrive,tech,navigational,current,2026-03-21T10:21:00Z,mix_shift
0.230048,0.230048,0.344970,0.641295,0,200,0.987824,19,standard,ai_on,confluence,tech,navigational,current,2026-03-21T10:22:00Z,mix_shift
0.236242,0.236242,0.357073,0.652844,0,194,0.986633,10,standard,ai_on,confluence,tech,navigational,current,2026-03-21T10:23:00Z,mix_shift
0.298394,0.298394,0.000000,0.000000,0,121,0.989277,2,premium,ai_off,confluence,tech,action,current,2026-03-21T10:24:00Z,mix_shift
0.273017,0.273017,0.000000,0.000000,0,197,0.984803,9,standard,ai_off,confluence,retail,navigational,current,2026-03-21T10:25:00Z,mix_shift
0.229648,0.229648,0.345645,0.654655,1,206,0.985001,12,standard,ai_on,sharepoint,finance,action,current,2026-03-21T10:26:00Z,mix_shift
0.272740,0.272740,0.000000,0.000000,0,328,0.977106,15,standard,ai_off,confluence,tech,informational,current,2026-03-21T10:27:00Z,mix_shift
0.251273,0.251273,0.350688,0.652352,0,128,0.983904,18,premium,ai_on,confluence,finance,informational,current,2026-03-21T10:28:00Z,mix_shift
0.234463,0.234463,0.355299,0.643063,0,152,0.982162,11,standard,ai_on,slack,tech,informational,current,2026-03-21T10:29:00Z,mix_shift
